{"train_loss": [1.1142473138836444, 1.0398074020870183, 1.00658903447505, 0.9216391738343809, 0.867624821052788, 0.8039519325751698, 0.733148008130507, 0.6849257814218676, 0.6658585984484348, 0.632897004336531, 0.5736334124680256, 0.544546245680887, 0.516888572137371, 0.4832402553835245, 0.4597777062145395], "val_loss": [1.0390535103504277, 1.0164606303383223, 0.9576467879805627, 0.8865266950148305, 0.7955615780353955, 0.7359869783979601, 0.6915771224593974, 0.6432423845267957, 0.6090203178544418, 0.579931403026539, 0.5365167812294159, 0.49565331014154346, 0.4754965085773609, 0.44499544016601184, 0.4147810758612422], "train_sr": [0.5352260778128286, 0.5355765860497722, 0.5580091132141606, 0.5972660357518401, 0.6435331230283912, 0.6778829302488608, 0.7202944269190326, 0.7336137399228881, 0.7402733964248159, 0.7490361023484052, 0.7739221871713985, 0.7879425166491413, 0.8009113214160533, 0.8135296179460217, 0.8138801261829653], "val_sr": [0.5352260778128286, 0.5478443743427971, 0.5699263932702419, 0.6218016123378899, 0.6799859796705222, 0.7122327374693306, 0.7294076410795653, 0.7441289870311952, 0.7651594812478093, 0.7707676130389064, 0.7956536978618998, 0.8079214861549247, 0.8198387662110059, 0.827900455660708, 0.8359621451104101], "train_spl": [0.47870795937354665, 0.46660305716804457, 0.5100101730528147, 0.5476452687192483, 0.5633807407758916, 0.6054230861312987, 0.6171949107605277, 0.6653766926873437, 0.6964420355545554, 0.7100011008776713, 0.6607378606433476, 0.7331511540820622, 0.6808500439370929, 0.7635440978072519, 0.7119350738807032], "val_spl": [0.40531958104562593, 0.47410573131928074, 0.49120587850119435, 0.49144445710999707, 0.5845701957327255, 0.583191405098994, 0.6238422495121233, 0.6520251043816772, 0.6655812529513672, 0.663789077897949, 0.6931382894067225, 0.6138050750414893, 0.72033981787484, 0.6708604693383027, 0.7158646148990839]}