{"train_loss": [1.1314925590588776, 1.0448235800351586, 1.0139668403791589, 0.9368746903852714, 0.8697226172986231, 0.806367828976042, 0.7576219716729675, 0.7009179647024533, 0.6741939580683534, 0.6369712411743542, 0.6145231036397676, 0.5847147022848319, 0.5527292174167616, 0.5228993855384423, 0.49161978284706254], "val_loss": [1.0032032210458826, 1.0029153102848152, 0.9621017230681576, 0.932241216247657, 0.9153453601932806, 0.9057163169908923, 0.8489881640833332, 0.9929194504556671, 0.8454466020463443, 0.7940160516604318, 0.8184987677257062, 0.8047485101019837, 0.7758157800313165, 0.799877787147277, 0.8365532947138778], "train_sr": [0.5019638648860958, 0.5349567949725059, 0.5640219952867243, 0.603299293008641, 0.6421838177533385, 0.6681068342498037, 0.6983503534956795, 0.7179890023566379, 0.7344854673998429, 0.7407698350353495, 0.7470542026708562, 0.7666928515318147, 0.7757266300078555, 0.7831893165750197, 0.8024351924587588], "val_sr": [0.5732899022801303, 0.5732899022801303, 0.5798045602605864, 0.6026058631921825, 0.6026058631921825, 0.6254071661237784, 0.6286644951140065, 0.6384364820846905, 0.6449511400651465, 0.6840390879478827, 0.6905537459283387, 0.6742671009771987, 0.7035830618892508, 0.7100977198697068, 0.7198697068403909], "train_spl": [0.4517674783974862, 0.48146111547525533, 0.5076197957580518, 0.5429693637077769, 0.5779654359780048, 0.6012961508248233, 0.6285153181461116, 0.646190102120974, 0.6610369206598586, 0.6666928515318146, 0.6723487824037706, 0.6900235663786332, 0.6981539670070699, 0.7048703849175177, 0.7221916732128829], "val_spl": [0.5159609120521174, 0.5159609120521174, 0.5218241042345277, 0.5423452768729642, 0.5423452768729642, 0.5628664495114006, 0.5657980456026058, 0.5745928338762215, 0.5804560260586319, 0.6156351791530944, 0.6214983713355049, 0.6068403908794788, 0.6332247557003258, 0.6390879478827362, 0.6478827361563518]}